Player Profile,Method,Win Rate Error
Unseen Fast Learning,PPO DDA,0.07069186507936516
Unseen Fast Learning,Rule-Based DDA,0.23749523809523806
Unseen Fast Learning,Static Easy,0.16011507936507938
Unseen Fast Learning,Static Hard,0.17097321428571416
Unseen Fast Learning,Static Medium,0.0206051587301587
Unseen High Noise,PPO DDA,0.05247559523809516
Unseen High Noise,Rule-Based DDA,0.11987063492063496
Unseen High Noise,Static Easy,0.20940317460317454
Unseen High Noise,Static Hard,0.5965283730158729
Unseen High Noise,Static Medium,0.4429573412698412
Unseen High Skill,PPO DDA,0.12833373015873026
Unseen High Skill,Rule-Based DDA,0.29644682539682543
Unseen High Skill,Static Easy,0.29094682539682537
Unseen High Skill,Static Hard,0.1277769841269842
Unseen High Skill,Static Medium,0.2539392857142858
Unseen Low Skill,PPO DDA,0.12159126984126978
Unseen Low Skill,Rule-Based DDA,0.0207238095238095
Unseen Low Skill,Static Easy,0.4613922619047618
Unseen Low Skill,Static Hard,0.6899210317460317
Unseen Low Skill,Static Medium,0.6441781746031745
Unseen Strong Fatigue,PPO DDA,0.02691626984126978
Unseen Strong Fatigue,Rule-Based DDA,0.17944682539682538
Unseen Strong Fatigue,Static Easy,0.08537123015873004
Unseen Strong Fatigue,Static Hard,0.45887857142857136
Unseen Strong Fatigue,Static Medium,0.2687607142857142
