Method,Profile,Seed,Total Reward,Final Rolling Win Rate,Mean Win Rate,Win Rate Error,Difficulty Std,Mean Absolute Difficulty Change,Episode Length
PPO No Uncertainty,Unseen Low Skill,100,-43.052826306302784,0.3,0.3301011904761904,0.36989880952380955,0.07302595902290072,0.06216424312378527,200
PPO No Uncertainty,Unseen Low Skill,101,-6.249798738540882,0.3,0.3666011904761905,0.33339880952380946,0.07748487185161664,0.06373929185530514,200
PPO No Uncertainty,Unseen Low Skill,102,-39.47565475916194,0.2,0.33601190476190473,0.3639880952380952,0.07168117833373232,0.06420959033297413,200
PPO No Uncertainty,Unseen Low Skill,103,-20.262997468943926,0.5,0.35138095238095235,0.3486190476190476,0.07112302900403605,0.06441458538333099,200
PPO No Uncertainty,Unseen Low Skill,104,-50.26706481146824,0.5,0.32435912698412694,0.375640873015873,0.0705531922498012,0.06469029159930903,200
PPO No Uncertainty,Unseen Low Skill,105,-25.94105112605522,0.3,0.34376785714285707,0.3562321428571429,0.06666787716410078,0.06543595902580313,200
PPO No Uncertainty,Unseen Low Skill,106,-2.848857342345065,0.4,0.37474603174603177,0.3252539682539682,0.07950854257912132,0.0642354082801535,200
PPO No Uncertainty,Unseen Low Skill,107,-24.75535142912587,0.3,0.35232341269841266,0.3476765873015873,0.08102111285572426,0.06178583760705957,200
PPO No Uncertainty,Unseen Low Skill,108,-1.3111094178614358,0.4,0.3702202380952381,0.3297797619047619,0.0714491770835974,0.0635552168407274,200
PPO No Uncertainty,Unseen Low Skill,109,-28.036995267717657,0.2,0.34409523809523807,0.3559047619047619,0.07415863031421212,0.06423100942875877,200
PPO No Uncertainty,Unseen High Skill,100,118.97208265565666,0.9,0.9105000000000001,0.21050000000000013,0.10598987710091072,0.04439153532567287,200
PPO No Uncertainty,Unseen High Skill,101,118.43760396199761,0.9,0.9115000000000001,0.21150000000000013,0.10707083056710842,0.04532340516877083,200
PPO No Uncertainty,Unseen High Skill,102,115.9857772038977,0.9,0.9183194444444446,0.21831944444444462,0.09937345530143543,0.043578434459510075,200
PPO No Uncertainty,Unseen High Skill,103,116.90151106193026,1.0,0.9146051587301588,0.21460515873015884,0.11163101733325503,0.042625362782086264,200
PPO No Uncertainty,Unseen High Skill,104,127.2702908287906,0.9,0.8975000000000002,0.19750000000000023,0.1065992636124324,0.04690005604117849,200
PPO No Uncertainty,Unseen High Skill,105,109.10060987774528,0.9,0.9118551587301588,0.2118551587301588,0.11866994284775272,0.037406304662160744,200
PPO No Uncertainty,Unseen High Skill,106,115.19069353270713,0.9,0.9175,0.21750000000000003,0.10562890353995237,0.044353993146971776,200
PPO No Uncertainty,Unseen High Skill,107,104.68347411002549,1.0,0.93284126984127,0.23284126984127007,0.10792039759635139,0.03768004880950692,200
PPO No Uncertainty,Unseen High Skill,108,106.96572251785821,1.0,0.9300000000000002,0.2300000000000002,0.1060603679770868,0.03972218871053578,200
PPO No Uncertainty,Unseen High Skill,109,119.23565621183883,0.9,0.9132718253968255,0.21327182539682554,0.11716050826297997,0.04028722532596113,200
PPO No Uncertainty,Unseen Fast Learning,100,147.41551526641487,0.9,0.7801011904761908,0.0801011904761908,0.13879881855989007,0.048663350869284826,200
PPO No Uncertainty,Unseen Fast Learning,101,134.12927226955694,1.0,0.7811567460317461,0.08115674603174616,0.14295733278855716,0.04781983558891723,200
PPO No Uncertainty,Unseen Fast Learning,102,135.3454445364297,0.9,0.8231567460317462,0.1231567460317462,0.1330174635708401,0.04749925220436372,200
PPO No Uncertainty,Unseen Fast Learning,103,140.82270768999805,1.0,0.7905257936507937,0.09052579365079372,0.143540549527103,0.048205164897384085,200
PPO No Uncertainty,Unseen Fast Learning,104,146.34319678250944,0.9,0.7680873015873015,0.06808730158730159,0.13283962317150483,0.05188589906379454,200
PPO No Uncertainty,Unseen Fast Learning,105,121.02004830350494,1.0,0.7872678571428573,0.08726785714285734,0.1584788286026186,0.04372810021385551,200
PPO No Uncertainty,Unseen Fast Learning,106,153.54185629088167,0.9,0.821390873015873,0.12139087301587304,0.12765538923126923,0.05002398448444371,200
PPO No Uncertainty,Unseen Fast Learning,107,129.04369334890148,1.0,0.7918234126984127,0.09182341269841277,0.14154344678823785,0.04808550700959868,200
PPO No Uncertainty,Unseen Fast Learning,108,131.5614095181693,1.0,0.8113650793650794,0.11136507936507944,0.1416763165897559,0.04518048327302297,200
PPO No Uncertainty,Unseen Fast Learning,109,121.2756780209988,0.9,0.7605952380952381,0.060595238095238146,0.15231485476556306,0.050919763107778446,200
PPO No Uncertainty,Unseen Strong Fatigue,100,74.42905805647709,0.3,0.5855,0.11449999999999994,0.1469885119602512,0.05804751896382016,200
PPO No Uncertainty,Unseen Strong Fatigue,101,120.85519104917901,0.3,0.6255,0.07450000000000001,0.13644454198139183,0.05901573404200621,200
PPO No Uncertainty,Unseen Strong Fatigue,102,60.207707650980986,0.2,0.5678194444444444,0.13218055555555552,0.13900809689033328,0.05892866215024712,200
PPO No Uncertainty,Unseen Strong Fatigue,103,104.35382283666085,0.4,0.6051051587301588,0.09489484126984116,0.13513854332569794,0.05707206525352073,200
PPO No Uncertainty,Unseen Strong Fatigue,104,84.48128582542321,0.4,0.583,0.11699999999999999,0.13538920797592435,0.058601676025484224,200
PPO No Uncertainty,Unseen Strong Fatigue,105,70.7907360629739,0.3,0.5513551587301587,0.14864484126984123,0.1356332237999231,0.060919867503763034,200
PPO No Uncertainty,Unseen Strong Fatigue,106,71.68284821369667,0.3,0.6,0.09999999999999998,0.14464437917917683,0.056434347067177135,200
PPO No Uncertainty,Unseen Strong Fatigue,107,83.25299696691471,0.2,0.5823412698412698,0.11765873015873018,0.14072131173892857,0.05721324945803084,200
PPO No Uncertainty,Unseen Strong Fatigue,108,83.71754369168053,0.3,0.614,0.08599999999999997,0.1479829552368795,0.05612360429423422,200
PPO No Uncertainty,Unseen Strong Fatigue,109,82.06178149805592,0.2,0.5867718253968254,0.11322817460317458,0.13139100934237383,0.05988908094324073,200
PPO No Uncertainty,Unseen High Noise,100,106.09435978228407,0.6,0.48960119047619044,0.21039880952380952,0.07542471496727743,0.06305161755502602,200
PPO No Uncertainty,Unseen High Noise,101,118.18071097535353,0.5,0.5093015873015873,0.1906984126984127,0.07974095374909554,0.06357217764866016,200
PPO No Uncertainty,Unseen High Noise,102,87.60986697498757,0.4,0.464906746031746,0.23509325396825398,0.07253898867964612,0.06507596779603907,200
PPO No Uncertainty,Unseen High Noise,103,120.82501911722532,0.5,0.5065257936507936,0.1934742063492063,0.07676378340490592,0.06331254233959928,200
PPO No Uncertainty,Unseen High Noise,104,87.5434106821711,0.6,0.4660873015873016,0.23391269841269835,0.07538492127321211,0.06534520162066625,200
PPO No Uncertainty,Unseen High Noise,105,104.7770268085687,0.5,0.48764087301587294,0.212359126984127,0.07733630887685584,0.06386071727263719,200
PPO No Uncertainty,Unseen High Noise,106,132.35833332231826,0.5,0.5359880952380952,0.16401190476190475,0.07157581470606092,0.0639894573165223,200
PPO No Uncertainty,Unseen High Noise,107,84.0925964464588,0.5,0.4688234126984127,0.23117658730158724,0.07608029038230223,0.06287541337441022,200
PPO No Uncertainty,Unseen High Noise,108,137.22715686425065,0.6,0.5365099206349206,0.1634900793650793,0.0767679974433679,0.06243513737641845,200
PPO No Uncertainty,Unseen High Noise,109,83.08147862650996,0.5,0.4662400793650794,0.23375992063492057,0.0785811928793687,0.06453603581165515,200
