Profile,Seed,Full PPO Error,No Uncertainty Error,Error Increase Without Uncertainty
Unseen Low Skill,100,0.1349484126984127,0.36989880952380955,0.23495039682539684
Unseen Low Skill,101,0.1156626984126983,0.33339880952380946,0.21773611111111116
Unseen Low Skill,102,0.1180932539682539,0.3639880952380952,0.24589484126984132
Unseen Low Skill,103,0.1126190476190476,0.3486190476190476,0.236
Unseen Low Skill,104,0.1139126984126984,0.375640873015873,0.2617281746031746
Unseen Low Skill,105,0.1264960317460316,0.3562321428571429,0.22973611111111128
Unseen Low Skill,106,0.0984642857142856,0.3252539682539682,0.22678968253968257
Unseen Low Skill,107,0.1571765873015872,0.3476765873015873,0.19050000000000009
Unseen Low Skill,108,0.0931349206349205,0.3297797619047619,0.23664484126984137
Unseen Low Skill,109,0.1454047619047619,0.3559047619047619,0.2105
Unseen High Skill,100,0.1305000000000001,0.21050000000000013,0.08000000000000004
Unseen High Skill,101,0.1285000000000002,0.21150000000000013,0.08299999999999993
Unseen High Skill,102,0.1388194444444446,0.21831944444444462,0.07950000000000002
Unseen High Skill,103,0.1251051587301589,0.21460515873015884,0.08949999999999994
Unseen High Skill,104,0.1275000000000001,0.19750000000000023,0.07000000000000012
Unseen High Skill,105,0.1128551587301588,0.2118551587301588,0.099
Unseen High Skill,106,0.131,0.21750000000000003,0.08650000000000002
Unseen High Skill,107,0.1283412698412698,0.23284126984127007,0.10450000000000026
Unseen High Skill,108,0.1354444444444446,0.2300000000000002,0.09455555555555561
Unseen High Skill,109,0.1252718253968254,0.21327182539682554,0.08800000000000013
Unseen Fast Learning,100,0.060732142857143,0.0801011904761908,0.0193690476190478
Unseen Fast Learning,101,0.0598373015873017,0.08115674603174616,0.02131944444444446
Unseen Fast Learning,102,0.0815515873015875,0.1231567460317462,0.0416051587301587
Unseen Fast Learning,103,0.0710257936507938,0.09052579365079372,0.01949999999999992
Unseen Fast Learning,104,0.0650873015873017,0.06808730158730159,0.0029999999999998916
Unseen Fast Learning,105,0.0709742063492064,0.08726785714285734,0.016293650793650943
Unseen Fast Learning,106,0.0957638888888888,0.12139087301587304,0.025626984126984234
Unseen Fast Learning,107,0.0623234126984127,0.09182341269841277,0.029500000000000068
Unseen Fast Learning,108,0.0748214285714287,0.11136507936507944,0.03654365079365074
Unseen Fast Learning,109,0.0648015873015873,0.060595238095238146,-0.004206349206349158
Unseen Strong Fatigue,100,0.0299999999999999,0.11449999999999994,0.08450000000000003
Unseen Strong Fatigue,101,0.009,0.07450000000000001,0.06550000000000002
Unseen Strong Fatigue,102,0.0216805555555554,0.13218055555555552,0.11050000000000013
Unseen Strong Fatigue,103,0.0248948412698413,0.09489484126984116,0.06999999999999985
Unseen Strong Fatigue,104,0.0194999999999999,0.11699999999999999,0.09750000000000009
Unseen Strong Fatigue,105,0.0286448412698412,0.14864484126984123,0.12000000000000004
Unseen Strong Fatigue,106,0.0274999999999999,0.09999999999999998,0.07250000000000008
Unseen Strong Fatigue,107,0.0466587301587301,0.11765873015873018,0.07100000000000009
Unseen Strong Fatigue,108,0.0135555555555555,0.08599999999999997,0.07244444444444446
Unseen Strong Fatigue,109,0.0477281746031746,0.11322817460317458,0.06549999999999997
Unseen High Noise,100,0.0649484126984126,0.21039880952380952,0.1454503968253969
Unseen High Noise,101,0.053517857142857,0.1906984126984127,0.1371805555555557
Unseen High Noise,102,0.0591984126984126,0.23509325396825398,0.1758948412698414
Unseen High Noise,103,0.0394742063492062,0.1934742063492063,0.1540000000000001
Unseen High Noise,104,0.0599126984126985,0.23391269841269835,0.17399999999999985
Unseen High Noise,105,0.0538809523809524,0.212359126984127,0.15847817460317462
Unseen High Noise,106,0.03578373015873,0.16401190476190475,0.12822817460317476
Unseen High Noise,107,0.0701765873015872,0.23117658730158724,0.16100000000000003
Unseen High Noise,108,0.0307619047619047,0.1634900793650793,0.1327281746031746
Unseen High Noise,109,0.0571011904761904,0.23375992063492057,0.17665873015873018
