Noise Level,Seed,Total Reward,Final Rolling Win Rate,Mean Win Rate,Win Rate Error,Difficulty Std,Mean Absolute Difficulty Change,Episode Length
0.05,100,220.80360793537838,0.7,0.7129603174603173,0.012960317460317339,0.10033167408667872,0.05605285043843515,200
0.05,101,209.8019148866751,0.6,0.7286746031746031,0.02867460317460313,0.12028234580686174,0.05904563579775138,200
0.05,102,225.10102044757107,0.7,0.7309246031746032,0.030924603174603216,0.1002654356560792,0.057982041281985135,200
0.05,103,216.23829230323676,0.7,0.7267321428571428,0.02673214285714287,0.11877640393501403,0.05504853755405828,200
0.05,104,214.6454866367415,0.8,0.7281051587301587,0.02810515873015873,0.1088293533319142,0.053403378009211765,200
0.05,105,222.98081905232283,0.8,0.7176746031746032,0.01767460317460323,0.1023821861090014,0.06085652222060731,200
0.05,106,226.03498791783952,0.7,0.7322638888888889,0.03226388888888898,0.10564060700577527,0.057140472307972555,200
0.05,107,204.9592417665495,0.8,0.7358412698412699,0.035841269841269896,0.13683709445965409,0.06256387037759853,200
0.05,108,216.26865963230497,0.8,0.7279662698412698,0.02796626984126982,0.11951639974495636,0.05751627097757421,200
0.05,109,211.5662334630028,0.8,0.7151269841269842,0.015126984126984211,0.11944825172074693,0.055548302982667476,200
0.1,100,218.5414665470489,0.7,0.712779761904762,0.012779761904762044,0.107530688379239,0.05477743203620393,200
0.1,101,204.77169035405896,0.6,0.7216746031746031,0.021674603174603124,0.11751571981939977,0.0576190465914005,200
0.1,102,203.91497345026164,0.6,0.7234246031746032,0.023424603174603265,0.12876290990628467,0.05915858510375559,200
0.1,103,205.47289087056816,0.8,0.7353769841269842,0.0353769841269842,0.12015490139584516,0.053500878064696424,200
0.1,104,218.30560769595297,0.7,0.7241051587301588,0.024105158730158838,0.11008666418216967,0.053308596729027234,200
0.1,105,203.8037846626561,0.8,0.7076190476190476,0.007619047619047636,0.13014624029821664,0.05928566720281593,200
0.1,106,215.0472421834208,0.7,0.7374444444444443,0.03744444444444439,0.11355017792751859,0.05554783053632697,200
0.1,107,219.64991899994428,0.8,0.7228412698412698,0.022841269841269884,0.11266096039398421,0.05911683377620899,200
0.1,108,215.67331523893262,0.8,0.7299662698412698,0.02996626984126982,0.1111483822534159,0.0559543062112276,200
0.1,109,198.52472361795094,0.8,0.7006269841269841,0.0006269841269841425,0.126489939167532,0.057400887753415536,200
0.15,100,220.0097914136382,0.7,0.7066190476190477,0.0066190476190477465,0.10926073679846157,0.05727474128945622,200
0.15,101,214.09410353181877,0.6,0.7161269841269842,0.016126984126984212,0.10579272678385435,0.05476200498643353,200
0.15,102,217.21477820297847,0.7,0.7259246031746031,0.0259246031746031,0.10371250636897184,0.05554136810393266,200
0.15,103,209.4754971564405,0.8,0.7266488095238094,0.026648809523809436,0.11985722703569392,0.05182496921401126,200
0.15,104,223.87909538958942,0.8,0.7228769841269841,0.022876984126984135,0.09415611494869804,0.04917341118851278,200
0.15,105,197.46856275831004,0.7,0.6961190476190475,0.0038809523809524293,0.13591431742243404,0.059877905659130974,200
0.15,106,211.95553281659144,0.8,0.7349444444444444,0.034944444444444445,0.11263960732948956,0.05580774228829222,200
0.15,107,216.6986527785202,0.8,0.7318412698412697,0.03184126984126978,0.10138773277193042,0.053769246136895564,200
0.15,108,213.76051001101197,0.8,0.7299662698412699,0.029966269841269932,0.12536648088934976,0.05409754884161653,200
0.15,109,198.9264700170467,0.8,0.7150912698412698,0.01509126984126985,0.12281690452675488,0.05425816809699294,200
0.2,100,210.6666951601986,0.7,0.7066190476190477,0.0066190476190477465,0.12077638616352286,0.05755074335304427,200
0.2,101,214.52990060297387,0.6,0.7161269841269842,0.016126984126984212,0.10487186288863745,0.0540313256636399,200
0.2,102,218.14555977818816,0.6,0.7170912698412698,0.01709126984126985,0.10631343379947042,0.05672674086914341,200
0.2,103,218.2436461442383,0.7,0.7276488095238095,0.027648809523809548,0.10246066310523787,0.05213823733317063,200
0.2,104,210.1693963993862,0.8,0.7178769841269841,0.01787698412698413,0.11366207156221954,0.05184324241033381,200
0.2,105,198.67296465780137,0.7,0.6961190476190475,0.0038809523809524293,0.137091023634416,0.05734137575619192,200
0.2,106,216.45618784937884,0.8,0.7242162698412697,0.02421626984126979,0.10522232241192638,0.05383667159651361,200
0.2,107,204.49969746201194,0.8,0.73184126984127,0.031841269841270003,0.11840862974972406,0.05587510579341529,200
0.2,108,210.6896503646696,0.8,0.7249662698412698,0.024966269841269817,0.13038051472522028,0.05496376812962415,200
0.2,109,193.29255092862653,0.7,0.7075436507936508,0.007543650793650825,0.13500445935880895,0.05352698750388733,200
0.3,100,205.49186648387925,0.6,0.687029761904762,0.012970238095238007,0.12249055382632672,0.05200479387437169,200
0.3,101,203.87693051248098,0.7,0.6909821428571429,0.009017857142857078,0.12327868145294577,0.04942890344932215,200
0.3,102,196.6766445227048,0.6,0.7120912698412698,0.012091269841269847,0.12109170538192679,0.05659031234362406,200
0.3,103,208.3201072227189,0.8,0.715170634920635,0.015170634920635084,0.1128940481292704,0.05129233604691199,200
0.3,104,212.92851692106748,0.8,0.7078769841269842,0.007876984126984232,0.11336463393217633,0.05175238874127135,200
0.3,105,209.7070836266475,0.8,0.6951190476190476,0.004880952380952319,0.12268309360794334,0.054721263505032994,200
0.3,106,220.73199003951243,0.8,0.7192162698412699,0.019216269841269895,0.11711098334879322,0.05271559951560177,200
0.3,107,214.15133748973275,0.7,0.7096130952380952,0.009613095238095282,0.11104979660670307,0.05137425814280407,200
0.3,108,192.33144550260982,0.8,0.7149662698412698,0.014966269841269808,0.15070990540522036,0.05593871857034086,200
0.3,109,182.94428410254187,0.6,0.6985436507936507,0.0014563492063492944,0.13435603379440042,0.054315782904873634,200
