Method,Total Reward,Final Win Rate,Mean Rolling Win Rate,Win Rate Error,Mean Difficulty,Difficulty Std,Mean Absolute Difficulty Change,Episode Length,Player Profile,Seed
PPO DDA,158.53263944299385,0.6,0.5650515873015872,0.13494841269841273,0.09214131159707904,0.1835459959751189,0.11206805713512191,200,Unseen Low Skill,100
Static Easy,-216.53553545882377,0.3,0.2101011904761905,0.4898988095238095,0.30000001192092896,0.0,0.0,200,Unseen Low Skill,100
Static Medium,-444.5922559982661,0.1,0.07514484126984126,0.6248551587301587,0.5,0.0,0.0,200,Unseen Low Skill,100
Static Hard,-538.1205494654786,0.0,0.030144841269841266,0.6698551587301587,0.699999988079071,0.0,0.0,200,Unseen Low Skill,100
Rule-Based DDA,150.20473165238164,0.9,0.7188730158730158,0.01887301587301582,0.011250000055879355,0.0587639644526845,0.002261306472759151,200,Unseen Low Skill,100
PPO DDA,168.29950770953613,0.5,0.5843373015873016,0.11566269841269838,0.12170645795762539,0.20436592270216333,0.1307373142347264,200,Unseen Low Skill,101
Static Easy,-177.62315859109418,0.3,0.2433948412698413,0.45660515873015867,0.30000001192092896,0.0,0.0,200,Unseen Low Skill,101
Static Medium,-472.06649111751153,0.1,0.065,0.635,0.5,0.0,0.0,200,Unseen Low Skill,101
Static Hard,-576.7994721598778,0.0,0.01,0.69,0.699999988079071,0.0,0.0,200,Unseen Low Skill,101
Rule-Based DDA,145.1967899456284,0.7,0.7043948412698413,0.004394841269841354,0.011250000055879355,0.0587639644526845,0.002261306472759151,200,Unseen Low Skill,101
PPO DDA,166.3037101947289,0.6,0.581906746031746,0.11809325396825399,0.10745290238410235,0.19978640210239,0.12590253390559,200,Unseen Low Skill,102
Static Easy,-241.15629866010588,0.1,0.19105555555555553,0.5089444444444444,0.30000001192092896,0.0,0.0,200,Unseen Low Skill,102
Static Medium,-508.603858277962,0.1,0.040999999999999995,0.6589999999999999,0.5,0.0,0.0,200,Unseen Low Skill,102
Static Hard,-593.9988845425856,0.1,0.001,0.699,0.699999988079071,0.0,0.0,200,Unseen Low Skill,102
Rule-Based DDA,146.7490755628413,0.7,0.7185555555555555,0.018555555555555547,0.011250000055879355,0.0587639644526845,0.002261306472759151,200,Unseen Low Skill,102
PPO DDA,166.3182956563598,0.6,0.5873809523809523,0.11261904761904762,0.11097179010510444,0.2034800737485793,0.1273318119534296,200,Unseen Low Skill,103
Static Easy,-98.08368749440469,0.4,0.2933809523809524,0.40661904761904755,0.30000001192092896,0.0,0.0,200,Unseen Low Skill,103
Static Medium,-512.6920685606237,0.0,0.04005555555555555,0.6599444444444444,0.5,0.0,0.0,200,Unseen Low Skill,103
Static Hard,-585.5472264533579,0.0,0.005,0.695,0.699999988079071,0.0,0.0,200,Unseen Low Skill,103
Rule-Based DDA,163.80252338372523,0.9,0.7113809523809524,0.011380952380952492,0.011250000055879355,0.0587639644526845,0.002261306472759151,200,Unseen Low Skill,103
PPO DDA,176.5009599120881,0.7,0.5860873015873015,0.11391269841269847,0.07752830144017935,0.15443702553289312,0.10051324297135798,200,Unseen Low Skill,104
Static Easy,-236.22748513594243,0.4,0.19255555555555556,0.5074444444444444,0.30000001192092896,0.0,0.0,200,Unseen Low Skill,104
Static Medium,-520.833626320017,0.0,0.035,0.6649999999999999,0.5,0.0,0.0,200,Unseen Low Skill,104
Static Hard,-595.9160945047089,0.0,0.0,0.7,0.699999988079071,0.0,0.0,200,Unseen Low Skill,104
Rule-Based DDA,156.41746844655722,0.8,0.6720555555555555,0.02794444444444444,0.011250000055879355,0.0587639644526845,0.002261306472759151,200,Unseen Low Skill,104
PPO DDA,161.47615172201392,0.7,0.5735039682539683,0.12649603174603163,0.09846906263381243,0.19601087482233026,0.13763461168387428,200,Unseen Low Skill,105
Static Easy,-191.36383615049013,0.2,0.231,0.469,0.30000001192092896,0.0,0.0,200,Unseen Low Skill,105
Static Medium,-427.0661453279138,0.0,0.08500000000000002,0.615,0.5,0.0,0.0,200,Unseen Low Skill,105
Static Hard,-585.6195945361064,0.0,0.005,0.695,0.699999988079071,0.0,0.0,200,Unseen Low Skill,105
Rule-Based DDA,150.56006629929482,0.7,0.7038948412698411,0.003894841269841187,0.011250000055879355,0.0587639644526845,0.002261306472759151,200,Unseen Low Skill,105
PPO DDA,171.29626702264065,0.7,0.6015357142857143,0.09846428571428567,0.10799022441729904,0.20306928802655932,0.1250994702305027,200,Unseen Low Skill,106
Static Easy,-162.6215543164356,0.2,0.2592460317460318,0.4407539682539682,0.30000001192092896,0.0,0.0,200,Unseen Low Skill,106
Static Medium,-460.69906718937705,0.0,0.07201785714285715,0.6279821428571428,0.5,0.0,0.0,200,Unseen Low Skill,106
Static Hard,-554.8697631041723,0.0,0.024644841269841268,0.6753551587301587,0.699999988079071,0.0,0.0,200,Unseen Low Skill,106
Rule-Based DDA,194.90253986972493,0.8,0.7367460317460318,0.03674603174603186,0.011250000055879355,0.0587639644526845,0.002261306472759151,200,Unseen Low Skill,106
PPO DDA,128.31171459763414,0.6,0.5428234126984127,0.15717658730158723,0.0894520815834403,0.18528424462818155,0.10018508682897942,200,Unseen Low Skill,107
Static Easy,-157.95422334571927,0.1,0.2531230158730159,0.44687698412698407,0.30000001192092896,0.0,0.0,200,Unseen Low Skill,107
Static Medium,-491.03418800767275,0.0,0.05,0.6499999999999999,0.5,0.0,0.0,200,Unseen Low Skill,107
Static Hard,-575.3469087737287,0.0,0.01,0.69,0.699999988079071,0.0,0.0,200,Unseen Low Skill,107
Rule-Based DDA,145.37806258697694,0.9,0.7041785714285714,0.004178571428571476,0.011250000055879355,0.0587639644526845,0.002261306472759151,200,Unseen Low Skill,107
PPO DDA,189.76804663342858,0.7,0.6068650793650794,0.09313492063492057,0.11184179250150919,0.18798339551635113,0.1324353173150489,200,Unseen Low Skill,108
Static Easy,-125.38612990774614,0.2,0.2722202380952381,0.42777976190476186,0.30000001192092896,0.0,0.0,200,Unseen Low Skill,108
Static Medium,-487.5426251365982,0.0,0.055,0.6449999999999999,0.5,0.0,0.0,200,Unseen Low Skill,108
Static Hard,-576.6399836590348,0.0,0.01,0.69,0.699999988079071,0.0,0.0,200,Unseen Low Skill,108
Rule-Based DDA,165.38767465082137,0.9,0.7527202380952381,0.05272023809523818,0.011250000055879355,0.0587639644526845,0.002261306472759151,200,Unseen Low Skill,108
PPO DDA,150.99606252164034,0.5,0.554595238095238,0.14540476190476193,0.08999756837263703,0.19897780730175124,0.11677263441247557,200,Unseen Low Skill,109
Static Easy,-172.0692929243551,0.0,0.24,0.45999999999999996,0.30000001192092896,0.0,0.0,200,Unseen Low Skill,109
Static Medium,-510.66483737230095,0.0,0.04,0.6599999999999999,0.5,0.0,0.0,200,Unseen Low Skill,109
Static Hard,-585.5944012297525,0.0,0.005,0.695,0.699999988079071,0.0,0.0,200,Unseen Low Skill,109
Rule-Based DDA,153.5817428135979,0.5,0.6714503968253968,0.0285496031746032,0.011250000055879355,0.0587639644526845,0.002261306472759151,200,Unseen Low Skill,109
PPO DDA,168.01671348969512,0.9,0.8305000000000001,0.13050000000000017,0.6526183302886784,0.360963814787691,0.2431212655788091,200,Unseen High Skill,100
Static Easy,55.81185703520734,1.0,1.0,0.30000000000000004,0.30000001192092896,0.0,0.0,200,Unseen High Skill,100
Static Medium,85.39003161509801,0.9,0.9605000000000001,0.2605000000000002,0.5,0.0,0.0,200,Unseen High Skill,100
Static Hard,158.31488875489939,0.9,0.8155000000000001,0.11550000000000016,0.699999988079071,0.0,0.0,200,Unseen High Skill,100
Rule-Based DDA,55.69873718756264,1.0,1.0,0.30000000000000004,0.011250000055879355,0.0587639644526845,0.002261306472759151,200,Unseen High Skill,100
PPO DDA,173.65399821565254,0.8,0.8285000000000002,0.12850000000000028,0.6535954357683659,0.3475586843052994,0.27418405147054087,200,Unseen High Skill,101
Static Easy,67.54322897405488,1.0,0.985,0.28500000000000003,0.30000001192092896,0.0,0.0,200,Unseen High Skill,101
Static Medium,92.81461236682175,1.0,0.9500000000000002,0.2500000000000002,0.5,0.0,0.0,200,Unseen High Skill,101
Static Hard,168.6456309602918,1.0,0.8268551587301589,0.12685515873015896,0.699999988079071,0.0,0.0,200,Unseen High Skill,101
Rule-Based DDA,55.69873718756264,1.0,1.0,0.30000000000000004,0.011250000055879355,0.0587639644526845,0.002261306472759151,200,Unseen High Skill,101
PPO DDA,166.11920605374917,0.7,0.8388194444444446,0.1388194444444446,0.6820165093243122,0.3473754048210528,0.25177621092628594,200,Unseen High Skill,102
Static Easy,59.84530022158161,1.0,0.9948194444444445,0.2948194444444445,0.30000001192092896,0.0,0.0,200,Unseen High Skill,102
Static Medium,78.0714571571318,1.0,0.9698194444444443,0.2698194444444444,0.5,0.0,0.0,200,Unseen High Skill,102
Static Hard,145.54342870642722,0.9,0.8683194444444446,0.1683194444444447,0.699999988079071,0.0,0.0,200,Unseen High Skill,102
Rule-Based DDA,59.73218037393701,1.0,0.9948194444444445,0.2948194444444445,0.011250000055879355,0.0587639644526845,0.002261306472759151,200,Unseen High Skill,102
PPO DDA,180.19240652550414,0.9,0.8251051587301589,0.12510515873015893,0.638994112778455,0.36613269082068295,0.29495466036263424,200,Unseen High Skill,103
Static Easy,62.70324219263874,1.0,0.99,0.29000000000000004,0.30000001192092896,0.0,0.0,200,Unseen High Skill,103
Static Medium,97.56952691906474,1.0,0.9396051587301588,0.23960515873015886,0.5,0.0,0.0,200,Unseen High Skill,103
Static Hard,159.92146117356114,1.0,0.8396051587301588,0.13960515873015888,0.699999988079071,0.0,0.0,200,Unseen High Skill,103
Rule-Based DDA,55.69873718756264,1.0,1.0,0.30000000000000004,0.011250000055879355,0.0587639644526845,0.002261306472759151,200,Unseen High Skill,103
PPO DDA,173.13574657177668,0.9,0.8275000000000001,0.12750000000000017,0.6495422034710646,0.364115450905769,0.2722320017503135,200,Unseen High Skill,104
Static Easy,61.67327281410953,0.9,0.9925,0.2925000000000001,0.30000001192092896,0.0,0.0,200,Unseen High Skill,104
Static Medium,108.24430483905859,0.9,0.9275,0.22750000000000004,0.5,0.0,0.0,200,Unseen High Skill,104
Static Hard,171.21048679058978,0.9,0.8025,0.10250000000000004,0.699999988079071,0.0,0.0,200,Unseen High Skill,104
Rule-Based DDA,57.65569471100013,0.9,0.9975,0.2975000000000001,0.011250000055879355,0.0587639644526845,0.002261306472759151,200,Unseen High Skill,104
PPO DDA,172.7751238851268,0.8,0.8128551587301588,0.11285515873015883,0.6446492147259414,0.35591014998117343,0.29649642787536784,200,Unseen High Skill,105
Static Easy,61.83567892817431,1.0,0.9803551587301587,0.2803551587301587,0.30000001192092896,0.0,0.0,200,Unseen High Skill,105
Static Medium,90.7075790519633,1.0,0.9403551587301586,0.24035515873015867,0.5,0.0,0.0,200,Unseen High Skill,105
Static Hard,168.08070673672034,0.8,0.8328551587301589,0.13285515873015896,0.699999988079071,0.0,0.0,200,Unseen High Skill,105
Rule-Based DDA,57.81255905235862,1.0,0.9853551587301587,0.2853551587301587,0.011250000055879355,0.0587639644526845,0.002261306472759151,200,Unseen High Skill,105
PPO DDA,172.41912477275454,0.8,0.831,0.131,0.6560385127551853,0.3570400951469166,0.28180749223909185,200,Unseen High Skill,106
Static Easy,55.81185703520734,1.0,1.0,0.30000000000000004,0.30000001192092896,0.0,0.0,200,Unseen High Skill,106
Static Medium,82.01855851763393,1.0,0.9650000000000002,0.26500000000000024,0.5,0.0,0.0,200,Unseen High Skill,106
Static Hard,160.72654903627318,0.8,0.831,0.131,0.699999988079071,0.0,0.0,200,Unseen High Skill,106
Rule-Based DDA,55.69873718756264,1.0,1.0,0.30000000000000004,0.011250000055879355,0.0587639644526845,0.002261306472759151,200,Unseen High Skill,106
PPO DDA,172.91195601194437,0.9,0.8283412698412698,0.1283412698412698,0.6633589597046375,0.35116264050310997,0.28693284790719575,200,Unseen High Skill,107
Static Easy,60.694961851392186,1.0,0.9930218253968255,0.29302182539682553,0.30000001192092896,0.0,0.0,200,Unseen High Skill,107
Static Medium,82.98052583891419,1.0,0.9628412698412699,0.26284126984127,0.5,0.0,0.0,200,Unseen High Skill,107
Static Hard,167.0961900618856,0.9,0.8083412698412699,0.1083412698412699,0.699999988079071,0.0,0.0,200,Unseen High Skill,107
Rule-Based DDA,60.58184200374751,1.0,0.9930218253968255,0.29302182539682553,0.011250000055879355,0.0587639644526845,0.002261306472759151,200,Unseen High Skill,107
PPO DDA,168.67430464908531,0.9,0.8354444444444445,0.1354444444444446,0.6677680866606533,0.3482059521703835,0.26363935748386624,200,Unseen High Skill,108
Static Easy,67.5421395871548,1.0,0.985,0.28500000000000003,0.30000001192092896,0.0,0.0,200,Unseen High Skill,108
Static Medium,78.56497489861063,1.0,0.97,0.27,0.5,0.0,0.0,200,Unseen High Skill,108
Static Hard,164.62096043133317,0.9,0.8445218253968255,0.14452182539682557,0.699999988079071,0.0,0.0,200,Unseen High Skill,108
Rule-Based DDA,55.69873718756264,1.0,1.0,0.30000000000000004,0.011250000055879355,0.0587639644526845,0.002261306472759151,200,Unseen High Skill,108
PPO DDA,171.8831640940394,0.8,0.8252718253968254,0.12527182539682546,0.6466082332096994,0.36601162056186176,0.2930574430967096,200,Unseen High Skill,109
Static Easy,64.29187134922118,1.0,0.9887718253968254,0.28877182539682544,0.30000001192092896,0.0,0.0,200,Unseen High Skill,109
Static Medium,89.90627132222211,1.0,0.9537718253968254,0.2537718253968254,0.5,0.0,0.0,200,Unseen High Skill,109
Static Hard,169.54170984804097,0.8,0.8082718253968254,0.10827182539682545,0.699999988079071,0.0,0.0,200,Unseen High Skill,109
Rule-Based DDA,60.26684200374756,1.0,0.9937718253968254,0.29377182539682545,0.011250000055879355,0.0587639644526845,0.002261306472759151,200,Unseen High Skill,109
PPO DDA,180.99505121247824,0.9,0.760732142857143,0.06073214285714301,0.49577360006049276,0.38416144812926206,0.23078690233392332,200,Unseen Fast Learning,100
Static Easy,88.55423021524506,1.0,0.8646011904761904,0.16460119047619048,0.30000001192092896,0.0,0.0,200,Unseen Fast Learning,100
Static Medium,36.211368405251804,0.9,0.6981448412698412,0.0018551587301587347,0.5,0.0,0.0,200,Unseen Fast Learning,100
Static Hard,-55.98435387626039,0.9,0.5131448412698413,0.18685515873015868,0.699999988079071,0.0,0.0,200,Unseen Fast Learning,100
Rule-Based DDA,56.37226901780637,1.0,0.9496011904761904,0.24960119047619045,0.011250000055879355,0.0587639644526845,0.002261306472759151,200,Unseen Fast Learning,100
PPO DDA,163.44247724216612,0.8,0.7598373015873017,0.05983730158730172,0.519732047431171,0.3900099275797551,0.2261169098280183,200,Unseen Fast Learning,101
Static Easy,79.57062064930226,1.0,0.8191230158730158,0.11912301587301588,0.30000001192092896,0.0,0.0,200,Unseen Fast Learning,101
Static Medium,42.706304754833276,1.0,0.6928948412698414,0.0071051587301586006,0.5,0.0,0.0,200,Unseen Fast Learning,101
Static Hard,-79.61199881485079,1.0,0.5325000000000001,0.16749999999999987,0.699999988079071,0.0,0.0,200,Unseen Fast Learning,101
Rule-Based DDA,49.17399715981708,1.0,0.9391785714285714,0.23917857142857146,0.011250000055879355,0.0587639644526845,0.002261306472759151,200,Unseen Fast Learning,101
PPO DDA,178.43090546260842,0.8,0.7815515873015875,0.08155158730158751,0.545779824834317,0.3707693440677657,0.23457697936188635,200,Unseen Fast Learning,102
Static Easy,71.23229410705572,1.0,0.8682837301587302,0.16828373015873022,0.30000001192092896,0.0,0.0,200,Unseen Fast Learning,102
Static Medium,-13.22610995107469,1.0,0.7375,0.03750000000000009,0.5,0.0,0.0,200,Unseen Fast Learning,102
Static Hard,-49.79671992528109,0.9,0.531,0.16899999999999993,0.699999988079071,0.0,0.0,200,Unseen Fast Learning,102
Rule-Based DDA,42.93137877124964,1.0,0.9282837301587301,0.22828373015873016,0.011250000055879355,0.0587639644526845,0.002261306472759151,200,Unseen Fast Learning,102
PPO DDA,180.77396593461702,0.9,0.7710257936507938,0.07102579365079387,0.5210870261117816,0.37600272050645933,0.27100562300514336,200,Unseen Fast Learning,103
Static Easy,77.65480583491956,1.0,0.8558809523809523,0.15588095238095234,0.30000001192092896,0.0,0.0,200,Unseen Fast Learning,103
Static Medium,69.75888005405795,1.0,0.7207003968253969,0.020700396825396927,0.5,0.0,0.0,200,Unseen Fast Learning,103
Static Hard,-55.53099887104002,1.0,0.5225000000000001,0.17749999999999988,0.699999988079071,0.0,0.0,200,Unseen Fast Learning,103
Rule-Based DDA,52.476764441663086,1.0,0.9408809523809524,0.24088095238095242,0.011250000055879355,0.0587639644526845,0.002261306472759151,200,Unseen Fast Learning,103
PPO DDA,186.87487310222028,0.8,0.7650873015873016,0.0650873015873017,0.5025418039411307,0.3722162134076618,0.2896945098386937,200,Unseen Fast Learning,104
Static Easy,64.57828250381687,0.9,0.8300555555555555,0.1300555555555556,0.30000001192092896,0.0,0.0,200,Unseen Fast Learning,104
Static Medium,28.995567215582803,0.9,0.665,0.03499999999999992,0.5,0.0,0.0,200,Unseen Fast Learning,104
Static Hard,-71.77532668125826,0.9,0.495,0.20499999999999996,0.699999988079071,0.0,0.0,200,Unseen Fast Learning,104
Rule-Based DDA,49.330849275961285,0.9,0.920236111111111,0.22023611111111108,0.011250000055879355,0.0587639644526845,0.002261306472759151,200,Unseen Fast Learning,104
PPO DDA,187.55420549453294,0.9,0.7709742063492064,0.07097420634920648,0.5187559505552053,0.38574313460470544,0.27435880963077497,200,Unseen Fast Learning,105
Static Easy,73.411601530353,1.0,0.8391230158730159,0.1391230158730159,0.30000001192092896,0.0,0.0,200,Unseen Fast Learning,105
Static Medium,25.855425757098484,1.0,0.7175,0.01750000000000007,0.5,0.0,0.0,200,Unseen Fast Learning,105
Static Hard,-56.12569417390291,0.9,0.5690000000000002,0.13099999999999978,0.699999988079071,0.0,0.0,200,Unseen Fast Learning,105
Rule-Based DDA,40.4500056597648,1.0,0.9391230158730158,0.23912301587301588,0.011250000055879355,0.0587639644526845,0.002261306472759151,200,Unseen Fast Learning,105
PPO DDA,192.69353374636967,0.8,0.7957638888888888,0.09576388888888887,0.5354929837398231,0.37763235673909873,0.28564257556619355,200,Unseen Fast Learning,106
Static Easy,111.14511243577643,1.0,0.9099444444444446,0.2099444444444446,0.30000001192092896,0.0,0.0,200,Unseen Fast Learning,106
Static Medium,53.96419096469202,1.0,0.7507460317460317,0.05074603174603176,0.5,0.0,0.0,200,Unseen Fast Learning,106
Static Hard,-34.146491217542305,0.8,0.5301230158730159,0.16987698412698404,0.699999988079071,0.0,0.0,200,Unseen Fast Learning,106
Rule-Based DDA,77.20061356517057,1.0,0.961654761904762,0.261654761904762,0.011250000055879355,0.0587639644526845,0.002261306472759151,200,Unseen Fast Learning,106
PPO DDA,179.2316440250501,0.9,0.7623234126984128,0.062323412698412795,0.5164267348870635,0.3807932557756143,0.2829592498253338,200,Unseen Fast Learning,107
Static Easy,81.41636928739698,1.0,0.8718234126984128,0.17182341269841284,0.30000001192092896,0.0,0.0,200,Unseen Fast Learning,107
Static Medium,26.71772977900236,1.0,0.7075,0.007500000000000062,0.5,0.0,0.0,200,Unseen Fast Learning,107
Static Hard,-47.0070155387117,1.0,0.5225000000000001,0.17749999999999988,0.699999988079071,0.0,0.0,200,Unseen Fast Learning,107
Rule-Based DDA,56.80466832750734,1.0,0.9368234126984127,0.23682341269841278,0.011250000055879355,0.0587639644526845,0.002261306472759151,200,Unseen Fast Learning,107
PPO DDA,192.4879336712795,0.9,0.7748214285714287,0.0748214285714287,0.5069950649887324,0.3742114091950064,0.23684374538797828,200,Unseen Fast Learning,108
Static Easy,93.4211129329702,1.0,0.8762202380952382,0.17622023809523824,0.30000001192092896,0.0,0.0,200,Unseen Fast Learning,108
Static Medium,31.899203722615564,1.0,0.7256448412698413,0.025644841269841345,0.5,0.0,0.0,200,Unseen Fast Learning,108
Static Hard,-47.31911093439607,1.0,0.5425,0.15749999999999997,0.699999988079071,0.0,0.0,200,Unseen Fast Learning,108
Rule-Based DDA,56.233819640445176,1.0,0.9412202380952381,0.24122023809523818,0.011250000055879355,0.0587639644526845,0.002261306472759151,200,Unseen Fast Learning,108
PPO DDA,180.32964935434367,0.8,0.7648015873015873,0.06480158730158736,0.5116463100723923,0.3739628772087885,0.2667294694999954,200,Unseen Fast Learning,109
Static Easy,72.71234819417373,1.0,0.866095238095238,0.16609523809523807,0.30000001192092896,0.0,0.0,200,Unseen Fast Learning,109
Static Medium,32.96258243226681,1.0,0.6975,0.0024999999999999467,0.5,0.0,0.0,200,Unseen Fast Learning,109
Static Hard,-22.24771181587194,0.9,0.5319999999999999,0.16800000000000004,0.699999988079071,0.0,0.0,200,Unseen Fast Learning,109
Rule-Based DDA,51.436616404518006,1.0,0.9179503968253968,0.21795039682539685,0.011250000055879355,0.0587639644526845,0.002261306472759151,200,Unseen Fast Learning,109
PPO DDA,177.4424744958039,0.6,0.67,0.029999999999999916,0.29674105636775494,0.3471144789095963,0.21354933869299578,200,Unseen Strong Fatigue,100
Static Easy,-20.822458940912256,0.2,0.5980000000000001,0.10199999999999987,0.30000001192092896,0.0,0.0,200,Unseen Strong Fatigue,100
Static Medium,-139.13630796001962,0.0,0.4175,0.2825,0.5,0.0,0.0,200,Unseen Strong Fatigue,100
Static Hard,-312.9670955024725,0.0,0.23249999999999996,0.4675,0.699999988079071,0.0,0.0,200,Unseen Strong Fatigue,100
Rule-Based DDA,93.11344784589346,0.7,0.856,0.15600000000000003,0.011250000055879355,0.0587639644526845,0.002261306472759151,200,Unseen Strong Fatigue,100
PPO DDA,194.16709446959564,0.5,0.691,0.009000000000000008,0.3026761507801712,0.3498266627920129,0.2164224610107029,200,Unseen Strong Fatigue,101
Static Easy,66.07023217136486,0.2,0.665,0.03499999999999992,0.30000001192092896,0.0,0.0,200,Unseen Strong Fatigue,101
Static Medium,-143.3457562678549,0.0,0.4225,0.27749999999999997,0.5,0.0,0.0,200,Unseen Strong Fatigue,101
Static Hard,-305.74530317887536,0.0,0.2143551587301587,0.48564484126984125,0.699999988079071,0.0,0.0,200,Unseen Strong Fatigue,101
Rule-Based DDA,124.28801531970082,0.7,0.8965000000000001,0.19650000000000012,0.011250000055879355,0.0587639644526845,0.002261306472759151,200,Unseen Strong Fatigue,101
PPO DDA,188.2947519561288,0.5,0.6783194444444445,0.02168055555555548,0.3009833063557744,0.3542895214328104,0.21360302409484758,200,Unseen Strong Fatigue,102
Static Easy,-52.630402839532636,0.1,0.5983194444444445,0.10168055555555544,0.30000001192092896,0.0,0.0,200,Unseen Strong Fatigue,102
Static Medium,-120.58498283683262,0.1,0.4383194444444445,0.26168055555555547,0.5,0.0,0.0,200,Unseen Strong Fatigue,102
Static Hard,-304.56504230477174,0.0,0.24231944444444445,0.45768055555555553,0.699999988079071,0.0,0.0,200,Unseen Strong Fatigue,102
Rule-Based DDA,100.8765244934746,0.6,0.8858194444444445,0.18581944444444454,0.011250000055879355,0.0587639644526845,0.002261306472759151,200,Unseen Strong Fatigue,102
PPO DDA,178.56116186024175,0.5,0.6751051587301586,0.024894841269841317,0.28716891108080744,0.3492270710642064,0.18421759886957292,200,Unseen Strong Fatigue,103
Static Easy,41.03929644774916,0.3,0.6525,0.04749999999999999,0.30000001192092896,0.0,0.0,200,Unseen Strong Fatigue,103
Static Medium,-137.37595714398168,0.0,0.4221051587301588,0.27789484126984115,0.5,0.0,0.0,200,Unseen Strong Fatigue,103
Static Hard,-312.0055931593426,0.0,0.23710515873015872,0.46289484126984126,0.699999988079071,0.0,0.0,200,Unseen Strong Fatigue,103
Rule-Based DDA,114.97848685651122,0.7,0.888,0.18800000000000006,0.011250000055879355,0.0587639644526845,0.002261306472759151,200,Unseen Strong Fatigue,103
PPO DDA,188.96896011346647,0.7,0.6805,0.019499999999999962,0.2757432016171515,0.3343629630980077,0.19552650969082386,200,Unseen Strong Fatigue,104
Static Easy,-0.8218501150757445,0.3,0.5885,0.11149999999999993,0.30000001192092896,0.0,0.0,200,Unseen Strong Fatigue,104
Static Medium,-173.08706001005058,0.0,0.4125,0.2875,0.5,0.0,0.0,200,Unseen Strong Fatigue,104
Static Hard,-316.84674323574035,0.0,0.23749999999999993,0.4625,0.699999988079071,0.0,0.0,200,Unseen Strong Fatigue,104
Rule-Based DDA,108.86269271560236,0.7,0.8704999999999999,0.17049999999999998,0.011250000055879355,0.0587639644526845,0.002261306472759151,200,Unseen Strong Fatigue,104
PPO DDA,195.66302144632118,0.7,0.6713551587301587,0.028644841269841237,0.29498949203640223,0.34546318531868714,0.24060942030432236,200,Unseen Strong Fatigue,105
Static Easy,-11.260537872454666,0.1,0.5938551587301588,0.10614484126984114,0.30000001192092896,0.0,0.0,200,Unseen Strong Fatigue,105
Static Medium,-125.75591598836643,0.0,0.4228551587301588,0.2771448412698412,0.5,0.0,0.0,200,Unseen Strong Fatigue,105
Static Hard,-254.75006669735902,0.0,0.25785515873015874,0.4421448412698412,0.699999988079071,0.0,0.0,200,Unseen Strong Fatigue,105
Rule-Based DDA,101.20746867889932,0.7,0.8913551587301586,0.19135515873015863,0.011250000055879355,0.0587639644526845,0.002261306472759151,200,Unseen Strong Fatigue,105
PPO DDA,172.25514162044723,0.6,0.6725,0.02749999999999997,0.29475809974595907,0.3471997569246862,0.1968887767300534,200,Unseen Strong Fatigue,106
Static Easy,-18.098135842182373,0.0,0.5975,0.10249999999999992,0.30000001192092896,0.0,0.0,200,Unseen Strong Fatigue,106
Static Medium,-90.68455369818398,0.0,0.4625,0.23749999999999993,0.5,0.0,0.0,200,Unseen Strong Fatigue,106
Static Hard,-311.28754851457717,0.0,0.23249999999999996,0.4675,0.699999988079071,0.0,0.0,200,Unseen Strong Fatigue,106
Rule-Based DDA,108.95857723405457,0.8,0.9009999999999999,0.20099999999999996,0.011250000055879355,0.0587639644526845,0.002261306472759151,200,Unseen Strong Fatigue,106
PPO DDA,160.56798410241063,0.2,0.6533412698412698,0.04665873015873012,0.30117466816678645,0.34827315120620034,0.23918440634731072,200,Unseen Strong Fatigue,107
Static Easy,-5.090640208978605,0.0,0.5853412698412699,0.11465873015873007,0.30000001192092896,0.0,0.0,200,Unseen Strong Fatigue,107
Static Medium,-123.2897584561217,0.0,0.42534126984126985,0.2746587301587301,0.5,0.0,0.0,200,Unseen Strong Fatigue,107
Static Hard,-265.46262094993597,0.0,0.24534126984126986,0.4546587301587301,0.699999988079071,0.0,0.0,200,Unseen Strong Fatigue,107
Rule-Based DDA,102.01472922345518,0.6,0.8875218253968253,0.18752182539682538,0.011250000055879355,0.0587639644526845,0.002261306472759151,200,Unseen Strong Fatigue,107
PPO DDA,174.58921270257017,0.6,0.6864444444444444,0.013555555555555543,0.32288195967674255,0.3599149478540783,0.2218324165023751,200,Unseen Strong Fatigue,108
Static Easy,33.63570000249076,0.2,0.6559999999999999,0.04400000000000004,0.30000001192092896,0.0,0.0,200,Unseen Strong Fatigue,108
Static Medium,-123.19411215128423,0.0,0.4625,0.23749999999999993,0.5,0.0,0.0,200,Unseen Strong Fatigue,108
Static Hard,-253.99471393607809,0.0,0.25546626984126986,0.4445337301587301,0.699999988079071,0.0,0.0,200,Unseen Strong Fatigue,108
Rule-Based DDA,111.22235276184077,0.7,0.8805,0.1805,0.011250000055879355,0.0587639644526845,0.002261306472759151,200,Unseen Strong Fatigue,108
PPO DDA,174.65786431429234,0.5,0.6522718253968253,0.04772817460317469,0.27900603735819457,0.33500472252742236,0.22244902340760783,200,Unseen Strong Fatigue,109
Static Easy,-13.568172230851761,0.0,0.6112718253968255,0.0887281746031745,0.30000001192092896,0.0,0.0,200,Unseen Strong Fatigue,109
Static Medium,-129.97944708553567,0.0,0.4262718253968255,0.27372817460317445,0.5,0.0,0.0,200,Unseen Strong Fatigue,109
Static Hard,-274.8134234968496,0.0,0.2562718253968254,0.44372817460317454,0.699999988079071,0.0,0.0,200,Unseen Strong Fatigue,109
Rule-Based DDA,107.86171155888553,0.5,0.8372718253968253,0.13727182539682536,0.011250000055879355,0.0587639644526845,0.002261306472759151,200,Unseen Strong Fatigue,109
PPO DDA,197.14412968643887,0.6,0.6350515873015873,0.06494841269841267,0.1681656681187451,0.23189281072567328,0.18552612329847248,200,Unseen High Noise,100
Static Easy,100.35499126976873,0.6,0.47960119047619043,0.22039880952380952,0.30000001192092896,0.0,0.0,200,Unseen High Noise,100
Static Medium,-134.72086897026838,0.3,0.2601011904761905,0.43989880952380944,0.5,0.0,0.0,200,Unseen High Noise,100
Static Hard,-399.29114985786777,0.2,0.1033730158730159,0.596626984126984,0.699999988079071,0.0,0.0,200,Unseen High Noise,100
Rule-Based DDA,140.10211024049963,0.8,0.8121011904761906,0.1121011904761906,0.011250000055879355,0.0587639644526845,0.002261306472759151,200,Unseen High Noise,100
PPO DDA,195.88069606031289,0.6,0.6464821428571429,0.05351785714285706,0.18072893563658,0.24839427394339264,0.1848719925362261,200,Unseen High Noise,101
Static Easy,94.79283840220931,0.7,0.49065674603174597,0.20934325396825398,0.30000001192092896,0.0,0.0,200,Unseen High Noise,101
Static Medium,-158.87858196776858,0.3,0.25970634920634916,0.4402936507936508,0.5,0.0,0.0,200,Unseen High Noise,101
Static Hard,-405.84942551591126,0.1,0.1019781746031746,0.5980218253968254,0.699999988079071,0.0,0.0,200,Unseen High Noise,101
Rule-Based DDA,159.42909633796563,0.9,0.788156746031746,0.08815674603174606,0.011250000055879355,0.0587639644526845,0.002261306472759151,200,Unseen High Noise,101
PPO DDA,196.3412578225364,0.5,0.6408015873015873,0.05919841269841264,0.1783848656155169,0.25712295186475065,0.19048806545722424,200,Unseen High Noise,102
Static Easy,69.74065857679508,0.4,0.4489285714285714,0.25107142857142856,0.30000001192092896,0.0,0.0,200,Unseen High Noise,102
Static Medium,-207.8384783667548,0.1,0.2168730158730159,0.48312698412698407,0.5,0.0,0.0,200,Unseen High Noise,102
Static Hard,-445.9634090491299,0.1,0.07687301587301587,0.6231269841269841,0.699999988079071,0.0,0.0,200,Unseen High Noise,102
Rule-Based DDA,138.88451958446788,0.8,0.8249285714285715,0.1249285714285715,0.011250000055879355,0.0587639644526845,0.002261306472759151,200,Unseen High Noise,102
PPO DDA,209.7077286560313,0.7,0.6605257936507937,0.03947420634920629,0.1942096396163106,0.25068815488831614,0.20006129913144374,200,Unseen High Noise,103
Static Easy,118.50532116606988,0.5,0.5315257936507937,0.1684742063492063,0.30000001192092896,0.0,0.0,200,Unseen High Noise,103
Static Medium,-91.38826138841047,0.4,0.2978452380952381,0.40215476190476185,0.5,0.0,0.0,200,Unseen High Noise,103
Static Hard,-423.82844255270714,0.0,0.09278968253968255,0.6072103174603174,0.699999988079071,0.0,0.0,200,Unseen High Noise,103
Rule-Based DDA,153.55930607480875,1.0,0.8355257936507937,0.13552579365079376,0.011250000055879355,0.0587639644526845,0.002261306472759151,200,Unseen High Noise,103
PPO DDA,199.61901031853196,0.8,0.6400873015873014,0.05991269841269853,0.16709882704541087,0.23242756698622727,0.17490211941638784,200,Unseen High Noise,104
Static Easy,73.0902334305579,0.6,0.46594246031746034,0.23405753968253962,0.30000001192092896,0.0,0.0,200,Unseen High Noise,104
Static Medium,-211.3307631376541,0.5,0.21403373015873015,0.4859662698412698,0.5,0.0,0.0,200,Unseen High Noise,104
Static Hard,-472.5873077750089,0.1,0.06253373015873015,0.6374662698412699,0.699999988079071,0.0,0.0,200,Unseen High Noise,104
Rule-Based DDA,155.1592019986074,0.8,0.7849424603174603,0.08494246031746033,0.011250000055879355,0.0587639644526845,0.002261306472759151,200,Unseen High Noise,104
PPO DDA,202.69893264202557,0.7,0.6461190476190475,0.053880952380952474,0.17848534986376763,0.25277911996083197,0.18729253701079432,200,Unseen High Noise,105
Static Easy,108.81506324761565,0.5,0.49764087301587295,0.202359126984127,0.30000001192092896,0.0,0.0,200,Unseen High Noise,105
Static Medium,-131.82082610909328,0.3,0.2722678571428572,0.4277321428571428,0.5,0.0,0.0,200,Unseen High Noise,105
Static Hard,-350.2971435775741,0.0,0.1313730158730159,0.5686269841269841,0.699999988079071,0.0,0.0,200,Unseen High Noise,105
Rule-Based DDA,142.14706374162583,0.8,0.8249960317460318,0.1249960317460318,0.011250000055879355,0.0587639644526845,0.002261306472759151,200,Unseen High Noise,105
PPO DDA,207.91948581804272,0.8,0.6642162698412699,0.03578373015873004,0.1835923824645579,0.2541154701592852,0.20393038492406432,200,Unseen High Noise,106
Static Easy,130.163291096415,0.5,0.5522162698412698,0.14778373015873014,0.30000001192092896,0.0,0.0,200,Unseen High Noise,106
Static Medium,-147.18194441386424,0.3,0.28321626984126985,0.4167837301587301,0.5,0.0,0.0,200,Unseen High Noise,106
Static Hard,-391.5302768981305,0.0,0.12530753968253971,0.5746924603174602,0.699999988079071,0.0,0.0,200,Unseen High Noise,106
Rule-Based DDA,154.56033209803297,0.9,0.8527718253968254,0.15277182539682543,0.011250000055879355,0.0587639644526845,0.002261306472759151,200,Unseen High Noise,106
PPO DDA,177.52448043125935,0.7,0.6298234126984127,0.07017658730158727,0.18901925461366773,0.2589516484301442,0.1986380864926918,200,Unseen High Noise,107
Static Easy,23.613234711534933,0.3,0.4286785714285714,0.27132142857142855,0.30000001192092896,0.0,0.0,200,Unseen High Noise,107
Static Medium,-198.72839561116083,0.0,0.2257281746031746,0.47427182539682533,0.5,0.0,0.0,200,Unseen High Noise,107
Static Hard,-397.3200058187157,0.0,0.10572817460317462,0.5942718253968253,0.699999988079071,0.0,0.0,200,Unseen High Noise,107
Rule-Based DDA,137.86506994756658,1.0,0.8086785714285715,0.10867857142857151,0.011250000055879355,0.0587639644526845,0.002261306472759151,200,Unseen High Noise,107
PPO DDA,192.23754674733158,0.8,0.6692380952380952,0.030761904761904768,0.2174964266642928,0.2755909526699958,0.20377757467666463,200,Unseen High Noise,108
Static Easy,120.05961354338321,0.5,0.5437380952380952,0.1562619047619047,0.30000001192092896,0.0,0.0,200,Unseen High Noise,108
Static Medium,-130.72639632035396,0.3,0.2871150793650794,0.41288492063492055,0.5,0.0,0.0,200,Unseen High Noise,108
Static Hard,-347.14534185418506,0.2,0.1466150793650794,0.5533849206349206,0.699999988079071,0.0,0.0,200,Unseen High Noise,108
Rule-Based DDA,129.7336458435267,1.0,0.8860099206349207,0.18600992063492072,0.011250000055879355,0.0587639644526845,0.002261306472759151,200,Unseen High Noise,108
PPO DDA,197.57445055597086,0.7,0.6428988095238095,0.057101190476190444,0.1803164503723383,0.2608296681112172,0.20036176112878262,200,Unseen High Noise,109
Static Easy,68.1023386209465,0.4,0.46703968253968253,0.23296031746031742,0.30000001192092896,0.0,0.0,200,Unseen High Noise,109
Static Medium,-161.27777540763702,0.0,0.25353968253968256,0.4464603174603174,0.5,0.0,0.0,200,Unseen High Noise,109
Static Hard,-422.4494529244105,0.0,0.08814484126984126,0.6118551587301587,0.699999988079071,0.0,0.0,200,Unseen High Noise,109
Rule-Based DDA,151.16090973324737,0.9,0.7805952380952382,0.08059523809523828,0.011250000055879355,0.0587639644526845,0.002261306472759151,200,Unseen High Noise,109
